label	r2	pvalue	MRCA
ST2332	0.0956466884477886	0	1989.64749154155
ST16	0.100564892294742	2e-4	1392.74172414821
